net_name,label
_0000_,0
_0001_,0
_0002_,0
_0003_,0
_0004_,0
_0005_,0
_0006_,0
_0007_,0
_0008_,0
_0009_,0
_0010_,0
_0011_,0
_0012_,0
_0013_,0
_0014_,0
_0015_,0
_0016_,0
_0017_,0
_0018_,0
_0019_,0
_0020_,0
_0021_,0
_0022_,0
_0023_,0
_0024_,0
_0025_,0
_0026_,0
_0027_,0
_0028_,0
_0029_,0
_0030_,0
_0031_,0
_0032_,0
_0033_,0
_0034_,0
_0035_,0
_0036_,0
_0037_,0
_0038_,0
_0039_,0
_0040_,0
_0041_,0
_0042_,0
_0043_,0
_0044_,0
_0045_,0
_0046_,0
_0047_,0
_0048_,0
_0049_,0
_0050_,0
_0051_,0
_0052_,0
_0053_,0
_0054_,0
_0055_,0
_0056_,0
_0057_,0
_0058_,0
_0059_,0
_0060_,0
_0061_,0
_0062_,0
_0063_,0
_0064_,0
_0065_,0
_0066_,0
_0067_,0
_0068_,0
_0069_,0
_0070_,0
_0071_,0
_0072_,0
_0073_,0
_0074_,0
_0075_,0
_0076_,0
_0077_,0
_0078_,0
_0079_,0
_0080_,0
_0081_,0
_0082_,0
_0083_,0
_0084_,0
_0085_,0
_0086_,0
_0087_,0
_0088_,0
_0089_,0
_0090_,0
_0091_,0
_0092_,0
_0093_,0
_0094_,0
_0095_,0
_0096_,0
_0097_,0
_0098_,0
_0099_,0
_0100_,0
_0101_,0
_0102_,0
_0103_,0
_0104_,0
_0105_,0
_0106_,0
_0107_,0
_0108_,0
_0109_,0
_0110_,0
_0111_,0
_0112_,0
_0113_,0
_0114_,0
_0115_,0
_0116_,0
_0117_,0
_0118_,0
_0119_,0
_0120_,0
_0121_,0
_0122_,0
_0123_,0
_0124_,0
_0125_,0
_0126_,0
_0127_,0
_0128_,0
_0129_,0
_0130_,0
_0131_,0
_0132_,0
_0133_,0
_0134_,0
_0135_,0
_0136_,0
_0137_,0
_0138_,0
_0139_,0
_0140_,0
_0141_,0
_0142_,0
_0143_,0
_0144_,0
_0145_,0
_0146_,0
_0147_,0
_0148_,0
_0149_,0
_0150_,0
_0151_,0
_0152_,0
_0153_,0
_0154_,0
_0155_,0
_0156_,0
_0157_,0
_0158_,0
_0159_,0
_0160_,0
_0161_,0
_0162_,0
_0163_,0
_0164_,0
_0165_,0
_0166_,0
_0167_,0
_0168_,0
_0169_,0
_0170_,0
_0171_,0
_0172_,0
_0173_,0
_0174_,0
_0175_,0
_0176_,0
_0177_,0
_0178_,0
_0179_,0
_0180_,0
_0181_,0
_0182_,0
_0183_,0
_0184_,0
_0185_,0
_0186_,0
_0187_,0
_0188_,0
_0189_,0
_0190_,0
_0191_,0
_0192_,0
_0193_,0
_0194_,0
_0195_,0
_0196_,0
_0197_,0
_0198_,0
_0199_,0
_0200_,0
_0201_,0
_0202_,0
_0203_,0
_0204_,0
_0205_,0
_0206_,0
_0207_,0
_0208_,0
_0209_,0
_0210_,0
_0211_,0
_0212_,0
_0213_,0
_0214_,0
_0215_,0
_0216_,0
_0217_,0
_0218_,0
_0219_,0
_0220_,0
_0221_,0
_0222_,0
_0223_,0
_0224_,0
_0225_,0
_0226_,0
_0227_,0
_0228_,0
_0229_,0
_0230_,0
_0231_,0
_0232_,0
_0233_,0
_0234_,0
_0235_,0
_0236_,0
_0237_,0
_0238_,0
_0239_,0
_0240_,0
_0241_,0
_0242_,0
_0243_,0
_0244_,0
_0245_,0
_0246_,0
_0247_,0
_0248_,0
_0249_,0
_0250_,0
_0251_,0
_0252_,1
_0253_,0
_0254_,0
_0255_,0
_0256_,0
_0257_,0
_0258_,0
_0259_,0
_0260_,0
_0261_,0
_0262_,0
_0263_,0
_0264_,0
_0265_,0
_0266_,0
_0267_,0
_0268_,0
_0269_,0
_0270_,0
_0271_,1
_0272_,0
_0273_,0
_0274_,0
_0275_,0
_0276_,0
_0277_,0
_0278_,0
_0279_,0
_0280_,0
_0281_,0
_0282_,0
_0283_,0
_0284_,0
_0285_,0
_0286_,0
_0287_,0
_0288_,0
_0289_,0
_0290_,0
_0291_,0
_0292_,1
_0293_,0
_0294_,1
_0295_,0
_0296_,0
_0297_,0
_0298_,0
_0299_,1
_0300_,0
_0301_,0
_0302_,0
_0303_,0
_0304_,0
_0305_,0
_0306_,0
_0307_,0
_0308_,0
_0309_,0
_0310_,0
_0311_,0
_0312_,0
_0313_,0
_0314_,0
_0315_,0
_0316_,0
_0317_,0
_0318_,0
_0319_,0
_0320_,0
_0321_,0
_0322_,0
_0323_,0
_0324_,0
_0325_,0
_0326_,0
_0327_,0
_0328_,0
_0329_,0
_0330_,0
_0331_,0
_0332_,0
_0333_,0
_0334_,0
_0335_,0
_0336_,0
_0337_,1
_0338_,0
_0339_,0
_0340_,0
_0341_,1
_0342_,0
_0343_,0
_0344_,0
_0345_,0
_0346_,0
_0347_,0
_0348_,0
_0349_,0
_0350_,0
_0351_,1
_0352_,0
_0353_,0
_0354_,0
_0355_,0
_0356_,0
_0357_,1
_0358_,0
_0359_,0
_0360_,0
_0361_,1
_0362_,0
_0363_,0
_0364_,0
_0365_,1
_0366_,0
_0367_,0
_0368_,0
_0369_,0
_0370_,0
_0371_,0
_0372_,0
_0373_,1
_0374_,0
_0375_,0
_0376_,0
_0377_,0
_0378_,0
_0379_,0
_0380_,0
_0381_,0
_0382_,0
_0383_,0
_0384_,0
_0385_,0
_0386_,0
_0387_,0
_0388_,0
_0389_,0
_0390_,0
_0391_,0
_0392_,0
_0393_,0
_0394_,0
_0395_,0
_0396_,0
_0397_,0
_0398_,0
_0399_,0
_0400_,0
_0401_,0
_0402_,0
_0403_,0
_0404_,0
_0405_,0
_0406_,0
_0407_,0
_0408_,0
_0409_,0
_0410_,0
_0411_,0
_0412_,0
_0413_,0
_0414_,0
_0415_,0
_0416_,0
_0417_,0
_0418_,0
_0419_,0
_0420_,0
_0421_,0
_0422_,0
_0423_,0
_0424_,0
_0425_,0
_0426_,0
_0427_,0
_0428_,0
_0429_,0
_0430_,0
_0431_,1
_0432_,0
_0433_,1
_0434_,0
_0435_,1
_0436_,1
_0437_,0
_0438_,0
_0439_,0
_0440_,1
_0441_,0
_0442_,0
_0443_,0
_0444_,0
_0445_,0
_0446_,0
_0447_,1
_0448_,1
_0449_,0
_0450_,0
_0451_,0
_0452_,0
_0453_,0
_0454_,0
_0455_,0
_0456_,0
_0457_,0
_0458_,0
_0459_,0
_0460_,0
_0461_,0
_0462_,0
_0463_,0
_0464_,0
_0465_,0
_0466_,0
_0467_,0
_0468_,0
_0469_,0
_0470_,0
_0471_,0
_0472_,0
_0473_,0
_0474_,0
_0475_,0
_0476_,0
_0477_,0
_0478_,0
_0479_,0
_0480_,0
_0481_,0
_0482_,0
_0483_,0
_0484_,0
_0485_,0
_0486_,0
_0487_,0
_0488_,0
_0489_,0
_0490_,0
_0491_,0
_0492_,0
_0493_,0
_0494_,0
_0495_,0
_0496_,0
_0497_,0
_0498_,0
_0499_,0
_0500_,0
_0501_,0
_0502_,0
_0503_,0
_0504_,0
_0505_,0
_0506_,0
_0507_,0
_0508_,0
_0509_,0
_0510_,0
_0511_,0
_0512_,0
_0513_,0
_0514_,0
_0515_,0
_0516_,0
_0517_,1
_0518_,0
_0519_,0
_0520_,0
_0521_,0
_0522_,0
_0523_,0
_0524_,0
_0525_,0
_0526_,0
_0527_,0
_0528_,0
_0529_,0
_0530_,0
_0531_,0
_0532_,0
_0533_,0
_0534_,0
_0535_,0
_0536_,0
_0537_,0
_0538_,0
_0539_,1
_0540_,0
_0541_,0
_0542_,0
_0543_,0
_0544_,0
_0545_,0
_0546_,0
_0547_,0
_0548_,1
_0549_,0
_0550_,0
_0551_,0
_0552_,0
_0553_,0
_0554_,0
_0555_,0
_0556_,0
_0557_,0
_0558_,0
_0559_,0
_0560_,0
_0561_,0
_0562_,0
_0563_,0
_0564_,0
_0565_,0
_0566_,0
_0567_,0
_0568_,0
_0569_,0
_0570_,0
_0571_,0
_0572_,0
_0573_,0
_0574_,0
_0575_,0
_0576_,0
_0577_,0
_0578_,0
_0579_,1
_0580_,1
_0581_,0
_0582_,1
_0583_,0
_0584_,0
_0585_,0
_0586_,0
_0587_,0
_0588_,0
_0589_,0
_0590_,0
_0591_,0
_0592_,0
_0593_,0
_0594_,0
_0595_,0
_0596_,0
_0597_,0
_0598_,1
_0599_,0
_0600_,1
_0601_,0
_0602_,0
_0603_,0
_0604_,0
_0605_,0
_0606_,0
_0607_,0
_0608_,0
_0609_,0
_0610_,0
_0611_,0
_0612_,0
_0613_,0
_0614_,0
_0615_,0
_0616_,0
_0617_,0
_0618_,0
_0619_,0
_0620_,0
_0621_,0
_0622_,0
_0623_,0
_0624_,0
_0625_,0
_0626_,0
_0627_,0
_0628_,0
_0629_,0
_0630_,0
_0631_,0
_0632_,0
_0633_,0
_0634_,0
_0635_,0
_0636_,0
_0637_,0
_0638_,0
_0639_,0
_0640_,0
_0641_,0
_0642_,0
_0643_,0
_0644_,0
_0645_,0
_0646_,0
_0647_,0
_0648_,0
_0649_,0
_0650_,0
_0651_,0
_0652_,0
_0653_,0
_0654_,0
_0655_,1
_0656_,0
_0657_,0
_0658_,0
_0659_,0
_0660_,0
_0661_,0
_0662_,0
_0663_,0
_0664_,0
_0665_,0
_0666_,0
_0667_,0
_0668_,0
_0669_,0
_0670_,0
_0671_,0
_0672_,1
_0673_,0
_0674_,0
_0675_,0
_0676_,0
_0677_,0
_0678_,0
_0679_,0
_0680_,0
_0681_,0
_0682_,0
_0683_,0
_0684_,0
_0685_,0
_0686_,0
_0687_,0
_0688_,0
_0689_,1
_0690_,0
_0691_,0
_0692_,1
_0693_,0
_0694_,0
_0695_,0
_0696_,0
_0697_,0
_0698_,0
_0699_,0
_0700_,0
_0701_,0
_0702_,0
_0703_,0
_0704_,0
_0705_,0
_0706_,0
_0707_,0
_0708_,0
_0709_,0
_0710_,0
_0711_,0
_0712_,0
_0713_,0
_0714_,0
_0715_,0
_0716_,0
_0717_,1
_0718_,1
_0719_,1
_0720_,0
_0721_,0
_0722_,0
_0723_,0
_0724_,0
_0725_,0
_0726_,0
_0727_,0
_0728_,0
_0729_,0
_0730_,0
_0731_,0
_0732_,0
_0733_,0
_0734_,0
_0735_,0
_0736_,0
_0737_,0
_0738_,0
_0739_,0
_0740_,0
_0741_,0
_0742_,0
_0743_,0
_0744_,0
_0745_,0
_0746_,0
_0747_,0
_0748_,0
_0749_,0
_0750_,0
_0751_,0
_0752_,0
_0753_,0
_0754_,0
_0755_,0
_0756_,0
_0757_,0
_0758_,0
_0759_,0
_0760_,0
_0761_,0
_0762_,0
_0763_,0
_0764_,0
_0765_,1
_0766_,0
_0767_,0
_0768_,0
_0769_,0
_0770_,0
_0771_,0
_0772_,0
_0773_,0
_0774_,0
_0775_,0
_0776_,0
_0777_,0
_0778_,0
_0779_,0
_0780_,0
_0781_,0
_0782_,0
_0783_,0
_0784_,0
_0785_,0
_0786_,0
_0787_,0
_0788_,0
_0789_,0
_0790_,1
_0791_,0
_0792_,0
_0793_,0
_0794_,0
_0795_,0
_0796_,0
_0797_,0
_0798_,0
_0799_,0
_0800_,0
_0801_,0
_0802_,0
_0803_,0
_0804_,0
_0805_,0
_0806_,0
_0807_,0
_0808_,0
_0809_,0
_0810_,0
_0811_,0
_0812_,0
_0813_,0
_0814_,0
_0815_,0
_0816_,0
_0817_,0
_0818_,0
_0819_,0
_0820_,0
_0821_,0
_0822_,0
_0823_,0
_0824_,0
_0825_,0
_0826_,0
_0827_,0
_0828_,0
_0829_,0
_0830_,0
_0831_,0
_0832_,0
_0833_,0
_0834_,0
_0835_,0
_0836_,0
_0837_,0
_0838_,0
_0839_,0
_0840_,0
_0841_,0
_0842_,0
_0843_,0
_0844_,0
_0845_,0
_0846_,0
_0847_,0
_0848_,0
_0849_,0
_0850_,0
_0851_,0
_0852_,0
_0853_,0
_0854_,0
_0855_,0
_0856_,0
_0857_,0
_0858_,0
_0859_,0
_0860_,0
_0861_,0
_0862_,0
_0863_,0
_0864_,0
_0865_,0
_0866_,0
_0867_,0
_0868_,0
_0869_,0
_0870_,0
_0871_,0
_0872_,0
_0873_,0
_0874_,0
_0875_,0
_0876_,0
_0877_,0
_0878_,0
_0879_,0
_0880_,0
_0881_,0
_0882_,0
_0883_,0
_0884_,0
_0885_,0
_0886_,0
_0887_,0
_0888_,0
_0889_,0
_0890_,0
_0891_,0
_0892_,0
_0893_,0
_0894_,0
_0895_,0
_0896_,0
_0897_,0
_0898_,0
_0899_,0
_0900_,0
_0901_,0
_0902_,0
_0903_,0
_0904_,0
_0905_,0
_0906_,0
_0907_,0
_0908_,0
_0909_,0
_0910_,0
_0911_,0
_0912_,0
_0913_,0
_0914_,0
_0915_,0
_0916_,0
_0917_,0
_0918_,0
_0919_,0
_0920_,0
_0921_,0
_0922_,0
_0923_,0
_0924_,0
_0925_,0
_0926_,0
_0927_,0
_0928_,0
_0929_,0
_0930_,0
_0931_,0
_0932_,0
_0933_,0
_0934_,0
_0935_,0
_0936_,0
_0937_,0
_0938_,0
_0939_,0
_0940_,0
_0941_,0
_0942_,0
_0943_,0
_0944_,0
_0945_,0
_0946_,0
_0947_,0
_0948_,0
_0949_,0
_0950_,0
_0951_,0
_0952_,0
_0953_,0
_0954_,0
_0955_,0
_0956_,0
_0957_,0
_0958_,0
_0959_,0
_0960_,0
_0961_,0
_0962_,0
_0963_,0
_0964_,0
_0965_,1
_0966_,0
_0967_,0
_0968_,0
_0969_,0
_0970_,0
_0971_,0
_0972_,0
_0973_,0
_0974_,0
_0975_,0
_0976_,0
_0977_,0
_0978_,0
_0979_,0
_0980_,0
_0981_,0
_0982_,0
_0983_,1
_0984_,0
_0985_,0
_0986_,1
_0987_,0
_0988_,0
_0989_,0
_0990_,0
_0991_,1
_0992_,0
_0993_,1
_0994_,0
_0995_,0
_0996_,0
_0997_,0
_0998_,0
_0999_,0
_1000_,0
_1001_,0
_1002_,0
_1003_,0
_1004_,0
_1005_,0
_1006_,0
_1007_,0
_1008_,0
_1009_,0
_1010_,0
_1011_,0
_1012_,0
_1013_,0
_1014_,0
_1015_,0
_1016_,0
_1017_,0
_1018_,0
_1019_,0
_1020_,0
_1021_,0
_1022_,0
_1023_,0
_1024_,0
_1025_,0
_1026_,0
_1027_,0
_1028_,0
_1029_,0
_1030_,0
_1031_,0
_1032_,0
_1033_,0
_1034_,0
_1035_,0
_1036_,0
_1037_,0
_1038_,0
_1039_,0
_1040_,0
_1041_,0
_1042_,0
_1043_,0
_1044_,0
_1045_,0
_1046_,0
_1047_,0
_1048_,0
_1049_,0
_1050_,0
_1051_,0
_1052_,0
_1053_,0
_1054_,0
_1055_,0
_1056_,0
_1057_,0
_1058_,0
_1059_,0
_1060_,0
_1061_,0
_1062_,0
_1063_,0
_1064_,0
_1065_,0
_1066_,0
_1067_,0
_1068_,0
_1069_,0
_1070_,0
_1071_,0
_1072_,0
_1073_,0
_1074_,0
_1075_,0
_1076_,0
_1077_,0
_1078_,0
_1079_,0
_1080_,0
_1081_,0
_1082_,0
_1083_,0
_1084_,0
_1085_,0
_1086_,0
_1087_,0
_1088_,0
_1089_,0
_1090_,0
_1091_,0
_1092_,0
_1093_,0
_1094_,0
_1095_,0
_1096_,0
_1097_,0
_1098_,0
_1099_,0
_1100_,1
_1101_,0
_1102_,0
_1103_,0
_1104_,0
_1105_,0
_1106_,0
_1107_,0
_1108_,0
_1109_,0
_1110_,0
_1111_,0
_1112_,0
_1113_,0
_1114_,0
_1115_,0
_1116_,0
_1117_,0
_1118_,0
_1119_,0
_1120_,0
_1121_,0
_1122_,0
_1123_,0
_1124_,0
_1125_,0
_1126_,0
_1127_,0
_1128_,0
_1129_,0
_1130_,0
_1131_,0
_1132_,0
_1133_,0
_1134_,0
_1135_,0
_1136_,0
_1137_,0
_1138_,0
_1139_,0
_1140_,0
_1141_,0
_1142_,0
_1143_,0
_1144_,0
_1145_,0
_1146_,0
_1147_,0
_1148_,0
_1149_,0
_1150_,0
_1151_,0
_1152_,0
_1153_,0
_1154_,0
_1155_,0
_1156_,0
_1157_,0
_1158_,0
_1159_,0
_1160_,0
_1161_,0
_1162_,0
_1163_,0
_1164_,0
_1165_,0
_1166_,0
_1167_,0
_1168_,0
_1169_,0
_1170_,0
_1171_,0
_1172_,0
_1173_,0
_1174_,0
_1175_,0
_1176_,0
_1177_,0
_1178_,0
_1179_,0
_1180_,0
_1181_,0
_1182_,0
_1183_,0
_1184_,0
_1185_,0
_1186_,0
_1187_,0
_1188_,0
_1189_,0
_1190_,0
_1191_,0
_1192_,0
_1193_,1
_1194_,1
_1195_,0
_1196_,0
_1197_,0
_1198_,0
_1199_,0
_1200_,0
_1201_,0
_1202_,0
_1203_,0
_1204_,0
_1205_,0
_1206_,0
_1207_,0
_1208_,0
_1209_,0
_1210_,0
_1211_,0
_1212_,0
_1213_,0
_1214_,0
_1215_,0
_1216_,0
_1217_,0
_1218_,0
_1219_,0
_1220_,0
_1221_,0
_1222_,0
_1223_,0
_1224_,0
_1225_,0
_1226_,0
_1227_,0
_1228_,0
_1229_,0
_1230_,0
_1231_,0
_1232_,0
_1233_,0
_1234_,0
_1235_,0
_1236_,0
_1237_,0
_1238_,0
_1239_,0
_1240_,0
_1241_,0
_1242_,0
_1243_,0
_1244_,0
_1245_,0
_1246_,0
_1247_,0
_1248_,0
_1249_,0
_1250_,0
_1251_,0
_1252_,0
_1253_,0
_1254_,0
_1255_,0
_1256_,0
_1257_,0
_1258_,0
_1259_,0
_1260_,0
_1261_,0
_1262_,0
_1263_,0
_1264_,0
_1265_,0
_1266_,0
_1267_,0
_1268_,0
_1269_,0
_1270_,0
_1271_,0
_1272_,0
_1273_,0
_1274_,0
_1275_,0
_1276_,0
_1277_,0
_1278_,0
_1279_,0
_1280_,0
_1281_,0
_1282_,0
_1283_,0
_1284_,0
_1285_,0
_1286_,0
_1287_,0
_1288_,0
_1289_,0
_1290_,0
_1291_,0
_1292_,0
_1293_,0
_1294_,0
_1295_,0
_1296_,0
_1297_,0
_1298_,0
_1299_,0
_1300_,0
_1301_,0
_1302_,0
_1303_,0
_1304_,0
_1305_,0
_1306_,0
_1307_,0
_1308_,0
_1309_,0
_1310_,0
_1311_,0
_1312_,0
_1313_,0
_1314_,0
_1315_,0
_1316_,0
_1317_,0
_1318_,0
_1319_,0
_1320_,0
_1321_,0
_1322_,0
_1323_,0
_1324_,0
_1325_,0
_1326_,0
_1327_,0
_1328_,0
_1329_,0
_1330_,0
_1331_,0
_1332_,0
_1333_,0
_1334_,0
_1335_,0
_1336_,0
_1337_,0
_1338_,0
_1339_,0
_1340_,0
_1341_,0
_1342_,0
_1343_,0
_1344_,0
_1345_,0
_1346_,0
_1347_,0
_1348_,0
_1349_,0
_1350_,0
_1351_,0
_1352_,0
_1353_,0
_1354_,0
_1355_,0
_1356_,0
_1357_,0
_1358_,0
_1359_,0
_1360_,0
_1361_,0
_1362_,0
_1363_,0
_1364_,0
_1365_,0
_1366_,0
_1367_,0
_1368_,0
_1369_,0
_1370_,0
_1371_,0
_1372_,0
_1373_,0
_1374_,0
_1375_,0
_1376_,0
_1377_,0
_1378_,0
_1379_,0
_1380_,0
_1381_,0
_1382_,0
_1383_,0
_1384_,0
_1385_,0
_1386_,0
_1387_,0
_1388_,0
_1389_,0
_1390_,0
_1391_,0
_1392_,0
_1393_,0
_1394_,0
_1395_,0
_1396_,0
_1397_,0
_1398_,0
_1399_,0
_1400_,0
_1401_,0
_1402_,0
_1403_,0
_1404_,0
_1405_,0
_1406_,0
_1407_,0
_1408_,0
_1409_,0
_1410_,0
_1411_,0
_1412_,0
_1413_,0
_1414_,0
_1415_,0
_1416_,0
_1417_,0
_1418_,0
_1419_,0
_1420_,0
_1421_,0
_1422_,0
_1423_,0
_1424_,0
_1425_,0
_1426_,0
_1427_,0
_1428_,0
_1429_,0
_1430_,0
_1431_,0
_1432_,0
_1433_,0
_1434_,0
_1435_,0
_1436_,0
_1437_,0
_1438_,0
_1439_,0
_1440_,0
_1441_,0
_1442_,0
_1443_,0
_1444_,0
_1445_,0
_1446_,0
_1447_,0
_1448_,0
_1449_,0
_1450_,0
_1451_,0
_1452_,0
_1453_,0
_1454_,0
_1455_,0
_1456_,0
_1457_,0
_1458_,0
_1459_,0
_1460_,0
_1461_,0
_1462_,0
_1463_,0
_1464_,0
_1465_,0
_1466_,0
_1467_,0
_1468_,0
_1469_,0
_1470_,0
_1471_,0
_1472_,0
_1473_,0
_1474_,0
_1475_,0
_1476_,0
_1477_,0
_1478_,0
_1479_,0
_1480_,0
_1481_,0
_1482_,0
_1483_,0
_1484_,0
_1485_,0
_1486_,0
_1487_,0
_1488_,0
_1489_,0
_1490_,0
_1491_,0
_1492_,0
_1493_,0
_1494_,0
_1495_,0
_1496_,0
_1497_,0
_1498_,0
_1499_,0
_1500_,0
_1501_,0
_1502_,0
_1503_,0
_1504_,0
_1505_,0
_1506_,0
_1507_,0
_1508_,0
_1509_,0
_1510_,0
_1511_,0
_1512_,0
_1513_,1
_1514_,0
_1515_,1
_1516_,0
_1517_,0
_1518_,0
_1519_,1
_1520_,1
_1521_,1
_1522_,1
_1523_,0
_1524_,1
_1525_,0
_1526_,0
_1527_,0
_1528_,1
_1529_,0
_1530_,0
_1531_,1
_1532_,0
_1533_,0
_1534_,0
_1535_,0
_1536_,0
_1537_,0
_1538_,0
_1539_,0
_1540_,0
_1541_,0
_1542_,0
_1543_,0
_1544_,0
_1545_,0
_1546_,0
_1547_,0
_1548_,0
_1549_,0
_1550_,0
_1551_,0
_1552_,0
_1553_,0
_1554_,0
_1555_,0
_1556_,1
_1557_,0
_1558_,1
_1559_,0
_1560_,0
_1561_,0
_1562_,1
_1563_,0
_1564_,1
_1565_,0
_1566_,0
_1567_,0
_1568_,0
_1569_,0
_1570_,0
_1571_,0
_1572_,0
_1573_,0
ass,0
char_len[0],0
char_len[1],0
char_len[2],0
char_len[3],0
char_len[4],0
char_len[5],0
char_len[6],0
clgen.cnt[0],0
clgen.cnt[10],0
clgen.cnt[11],0
clgen.cnt[12],0
clgen.cnt[13],0
clgen.cnt[14],0
clgen.cnt[15],0
clgen.cnt[1],0
clgen.cnt[2],0
clgen.cnt[3],0
clgen.cnt[4],0
clgen.cnt[5],0
clgen.cnt[6],0
clgen.cnt[7],0
clgen.cnt[8],0
clgen.cnt[9],0
clgen.divider[0],0
clgen.divider[10],0
clgen.divider[11],0
clgen.divider[12],0
clgen.divider[13],0
clgen.divider[14],0
clgen.divider[15],0
clgen.divider[1],0
clgen.divider[2],0
clgen.divider[3],0
clgen.divider[4],0
clgen.divider[5],0
clgen.divider[6],0
clgen.divider[7],0
clgen.divider[8],0
clgen.divider[9],0
clgen.enable,0
clgen.go,0
clgen.neg_edge,0
clgen.pos_edge,0
ctrl[10],0
ctrl[11],0
ctrl[12],0
ctrl[7],0
ctrl[9],1
miso_pad_i,0
mosi_pad_o,0
rx[0],0
rx[100],0
rx[101],0
rx[102],0
rx[103],0
rx[104],0
rx[105],0
rx[106],0
rx[107],0
rx[108],0
rx[109],0
rx[10],0
rx[110],0
rx[111],0
rx[112],0
rx[113],0
rx[114],0
rx[115],0
rx[116],0
rx[117],0
rx[118],0
rx[119],0
rx[11],0
rx[120],0
rx[121],0
rx[122],0
rx[123],0
rx[124],0
rx[125],0
rx[126],0
rx[127],0
rx[12],0
rx[13],0
rx[14],0
rx[15],0
rx[16],0
rx[17],0
rx[18],0
rx[19],0
rx[1],0
rx[20],0
rx[21],0
rx[22],0
rx[23],0
rx[24],0
rx[25],0
rx[26],0
rx[27],0
rx[28],0
rx[29],0
rx[2],0
rx[30],0
rx[31],0
rx[32],0
rx[33],0
rx[34],0
rx[35],0
rx[36],0
rx[37],0
rx[38],0
rx[39],0
rx[3],0
rx[40],0
rx[41],0
rx[42],0
rx[43],0
rx[44],0
rx[45],0
rx[46],0
rx[47],0
rx[48],0
rx[49],0
rx[4],0
rx[50],0
rx[51],0
rx[52],0
rx[53],0
rx[54],0
rx[55],0
rx[56],0
rx[57],0
rx[58],0
rx[59],0
rx[5],0
rx[60],0
rx[61],0
rx[62],0
rx[63],0
rx[64],0
rx[65],0
rx[66],0
rx[67],0
rx[68],0
rx[69],0
rx[6],0
rx[70],0
rx[71],0
rx[72],0
rx[73],0
rx[74],0
rx[75],0
rx[76],0
rx[77],0
rx[78],0
rx[79],0
rx[7],0
rx[80],0
rx[81],0
rx[82],0
rx[83],0
rx[84],0
rx[85],0
rx[86],0
rx[87],0
rx[88],0
rx[89],0
rx[8],0
rx[90],0
rx[91],0
rx[92],0
rx[93],0
rx[94],0
rx[95],0
rx[96],0
rx[97],0
rx[98],0
rx[99],0
rx[9],0
sclk_pad_o,0
shift.cnt[0],0
shift.cnt[1],0
shift.cnt[2],0
shift.cnt[3],0
shift.cnt[4],0
shift.cnt[5],0
shift.cnt[6],0
shift.cnt[7],0
ss[0],0
ss[1],0
ss[2],0
ss[3],0
ss[4],0
ss[5],0
ss[6],0
ss[7],0
ss_pad_o[0],0
ss_pad_o[1],0
ss_pad_o[2],0
ss_pad_o[3],0
ss_pad_o[4],0
ss_pad_o[5],0
ss_pad_o[6],0
ss_pad_o[7],0
wb_ack_o,0
wb_adr_i[0],0
wb_adr_i[1],0
wb_adr_i[2],0
wb_adr_i[3],0
wb_adr_i[4],0
wb_clk_i,0
wb_cyc_i,0
wb_dat[0],0
wb_dat[10],0
wb_dat[11],0
wb_dat[12],0
wb_dat[13],0
wb_dat[14],0
wb_dat[15],0
wb_dat[16],0
wb_dat[17],0
wb_dat[18],0
wb_dat[19],0
wb_dat[1],0
wb_dat[20],0
wb_dat[21],0
wb_dat[22],0
wb_dat[23],0
wb_dat[24],0
wb_dat[25],0
wb_dat[26],0
wb_dat[27],0
wb_dat[28],0
wb_dat[29],0
wb_dat[2],0
wb_dat[30],0
wb_dat[31],0
wb_dat[3],0
wb_dat[4],0
wb_dat[5],0
wb_dat[6],0
wb_dat[7],0
wb_dat[8],0
wb_dat[9],0
wb_dat_i[0],0
wb_dat_i[10],0
wb_dat_i[11],0
wb_dat_i[12],0
wb_dat_i[13],0
wb_dat_i[14],0
wb_dat_i[15],0
wb_dat_i[16],0
wb_dat_i[17],0
wb_dat_i[18],0
wb_dat_i[19],0
wb_dat_i[1],0
wb_dat_i[20],0
wb_dat_i[21],0
wb_dat_i[22],0
wb_dat_i[23],0
wb_dat_i[24],0
wb_dat_i[25],0
wb_dat_i[26],0
wb_dat_i[27],0
wb_dat_i[28],0
wb_dat_i[29],0
wb_dat_i[2],0
wb_dat_i[30],0
wb_dat_i[31],0
wb_dat_i[3],0
wb_dat_i[4],0
wb_dat_i[5],0
wb_dat_i[6],0
wb_dat_i[7],0
wb_dat_i[8],0
wb_dat_i[9],0
wb_dat_o[0],0
wb_dat_o[10],0
wb_dat_o[11],0
wb_dat_o[12],0
wb_dat_o[13],0
wb_dat_o[14],0
wb_dat_o[15],0
wb_dat_o[16],0
wb_dat_o[17],0
wb_dat_o[18],0
wb_dat_o[19],0
wb_dat_o[1],0
wb_dat_o[20],0
wb_dat_o[21],0
wb_dat_o[22],0
wb_dat_o[23],0
wb_dat_o[24],0
wb_dat_o[25],0
wb_dat_o[26],0
wb_dat_o[27],0
wb_dat_o[28],0
wb_dat_o[29],0
wb_dat_o[2],0
wb_dat_o[30],0
wb_dat_o[31],0
wb_dat_o[3],0
wb_dat_o[4],0
wb_dat_o[5],0
wb_dat_o[6],0
wb_dat_o[7],0
wb_dat_o[8],0
wb_dat_o[9],0
wb_int_o,0
wb_rst_i,0
wb_sel_i[0],0
wb_sel_i[1],0
wb_sel_i[2],0
wb_sel_i[3],0
wb_stb_i,0
wb_we_i,0
zero_,0
net2799,0
net2839,0
net3617,0
net3022,1
net3602,0
net3657,0
net3656,0
net3655,0
net2904,0
net2900,0
net3510,0
net3521,0
net3522,0
net3534,0
net3588,0
net3587,0
net3562,0
net3581,0
net3586,0
net3466,0
net3471,0
net3490,0
net3502,0
net3501,0
net2917,0
net2785,0
net2784,0
net2786,0
net2787,0
net2788,0
net2942,0
net2941,0
net2783,0
net2940,0
net2939,0
net2777,0
net2938,0
net2778,0
net2780,0
net2779,0
net2781,0
net2782,0
net2791,0
net2790,0
net2789,0
net2978,0
net2943,0
net2977,0
net2976,0
net2765,0
net2775,0
net2772,0
net2766,0
net2768,0
net2767,0
net2769,0
net2770,0
net2771,0
net2773,0
net2774,0
net2776,0
net2762,0
net2764,0
net2763,0
net2975,0
net2959,0
net2952,0
net2955,0
net2953,0
net2954,0
net2957,0
net2958,0
net2974,1
net3006,0
net3007,0
net2982,0
net2981,0
net2992,0
net2986,0
net2984,0
net3020,0
net3021,0
net3008,0
net2758,0
net3019,0
net3017,0
net2759,0
net2760,0
net2761,0
net2985,1
net2987,0
net2989,0
net2988,0
net2996,0
net2998,0
net2990,0
net2995,0
net2991,0
net3012,1
net3018,1
net3025,0
net2755,0
net3024,0
net3023,0
net2749,0
net2748,0
net2750,0
net2752,0
net2751,0
net2753,0
net2754,0
net2756,0
net2757,0
net2747,0
net2746,0
net3039,0
net2725,0
net3034,0
net3028,0
net3033,0
net3038,0
net3037,0
net2727,0
net2726,0
net2728,0
net2729,0
net3027,0
net3029,0
net3031,0
net3030,0
net3032,0
net2724,0
net3045,0
net3043,0
net3044,0
net3058,0
net2713,0
net3057,0
net3056,0
net3055,0
net3053,0
net3054,0
net2710,0
net2708,0
net2709,0
net2711,0
net2712,0
net2717,0
net2714,0
net2715,0
net2716,0
net2718,0
net3417,0
net3416,0
net3415,0
net3414,0
net3413,0
net3073,0
net3072,0
net2703,0
net2694,0
net2695,0
net2696,0
net2697,0
net2698,0
net2699,0
net2700,0
net2701,0
net2702,0
net2706,0
net2704,0
net2705,0
net2707,0
net2693,0
net3412,0
net2687,0
net2686,0
net3410,0
net3409,0
net3411,0
net3408,0
net3094,0
net3093,0
net2653,0
net3087,0
net2645,0
net2644,0
net2650,0
net2646,0
net2647,0
net2648,0
net2649,0
net2652,0
net2651,0
net2656,0
net2654,0
net2655,0
net2657,0
net3089,0
net3088,0
net3097,0
net3096,0
net3090,0
net3091,0
net3092,0
net2641,0
net3095,0
net3125,0
net3101,0
net3120,0
net3117,0
net3118,0
net3119,0
net3122,0
net2640,0
net2642,0
net2643,0
net3100,0
net3099,0
net3098,0
net3407,0
net3406,0
net3405,0
net3102,0
net3103,0
net3114,0
net3113,0
net3403,0
net3107,0
net3104,0
net3106,0
net3105,0
net3404,0
net3402,0
net3108,0
net3112,0
net3109,0
net3110,0
net3111,0
net3121,0
net3116,0
net3115,0
net3123,0
net3126,0
net3124,0
net3128,0
net3127,0
net2622,0
net2617,0
net2618,0
net2619,0
net2621,0
net2620,0
net2636,0
net2623,0
net2624,0
net2625,0
net2627,0
net2626,0
net2628,0
net2629,0
net2630,0
net2631,0
net2634,0
net2632,0
net2633,0
net2635,0
net2637,0
net2638,0
net2639,0
net3129,0
net2086,0
net2087,0
net2613,0
net2614,0
net2615,0
net2616,0
net2607,0
net2608,0
net2609,0
net2610,0
net2611,0
net2612,0
net2088,0
net2605,0
net2606,0
net2089,0
net2602,0
net2603,0
net2604,0
net2597,0
net2598,0
net2599,0
net2600,0
net2601,0
net2090,0
net2595,0
net2596,0
net299,0
net300,0
net301,0
net302,0
net303,0
net3135,0
net2592,0
net2593,0
net2594,0
net308,0
net309,0
net310,0
net311,0
net312,0
net313,0
net314,0
net315,0
net316,0
net317,0
net318,0
net319,0
net320,0
net3130,0
net3380,0
net3381,0
net3382,0
net3387,0
net3399,0
net3400,0
net3131,0
net3366,0
net3367,0
net3368,0
net3369,0
net3370,0
net3378,0
net3132,0
net3359,0
net3360,0
net3361,0
net3362,0
net3363,0
net3364,0
net3133,0
net3353,0
net3354,0
net3355,0
net3356,0
net3357,0
net3134,0
net3348,0
net3349,0
net3350,0
net3351,0
net3136,0
net2588,0
net2589,0
net2590,0
net2591,0
net3137,0
net2583,0
net2584,0
net2585,0
net2586,0
net2587,0
net364,0
net365,0
net366,0
net3138,0
net2578,0
net2579,0
net2580,0
net2581,0
net2582,0
net373,0
net374,0
net375,0
net3139,0
net2574,0
net2575,0
net2576,0
net2577,0
net381,0
net382,0
net383,0
net384,0
net3140,0
net2570,0
net2571,0
net2572,0
net2573,0
net390,0
net391,0
net392,0
net393,0
net3141,0
net3323,0
net3179,0
net3177,0
net2569,0
net399,0
net400,0
net401,0
net3142,0
net3327,0
net3173,0
net3174,0
net3175,0
net3176,0
net408,0
net409,0
net410,0
net3143,0
net3145,0
net413,0
net414,0
net415,0
net416,0
net417,0
net3144,0
net419,0
net420,0
net421,0
net422,0
net423,0
net424,0
net425,0
net426,0
net427,0
net428,0
net429,0
net430,0
net431,0
net432,0
net433,0
net434,0
net435,0
net436,0
net437,0
net438,0
net439,0
net440,0
net441,0
net3146,0
net3325,0
net3328,0
net445,0
net446,0
net447,0
net448,0
net449,0
net450,0
net3147,0
net3326,0
net3166,0
net3148,0
net3150,0
net3153,0
net3164,0
net3154,0
net3152,0
net3151,0
net3158,0
net3165,0
net3160,0
net3159,0
net3163,0
net3162,0
net3161,0
net3324,0
net3170,0
net3167,0
net3172,0
net3169,0
net3168,0
net3171,0
net3178,0
net3320,0
net2568,0
net2567,0
net3322,0
net3180,0
net3321,0
net3182,0
net3181,0
net3183,0
net2566,0
net2565,0
net3184,0
net2564,0
net2524,0
net2543,0
net3193,0
net3192,0
net2519,0
net2518,0
net2517,0
net2509,0
net3203,0
net2508,0
net2502,0
net3212,0
net3221,0
net3209,0
net3211,1
net3210,0
net3213,0
net3219,0
net3214,0
net3218,0
net3224,0
net3215,0
net3216,0
net3217,0
net3220,0
net3222,0
net3223,0
net3230,0
net3225,0
net3226,0
net2474,0
net2491,0
net2496,0
net2495,0
net3234,0
net3232,0
net3233,0
net2461,0
net2451,0
net2452,0
net2453,0
net2454,0
net2455,0
net2450,0
net2458,0
net2457,0
net2456,0
net2459,0
net2460,0
net2462,0
net2436,0
net2449,0
net2443,0
net2447,0
net2448,0
net2399,0
net2405,0
net2421,0
net2425,0
net2427,0
net2426,0
net3264,0
net2386,0
net3271,0
net3266,0
net2395,0
net2394,0
net3240,0
net3331,0
net3319,0
net3318,0
net3317,0
net3205,0
net3252,0
net3250,0
net3253,0
net3251,0
net3256,0
net3270,0
net3286,0
net3282,0
net3267,0
net3276,0
net3275,0
net3401,0
net2330,0
net2307,0
net3388,0
net3377,0
net3304,0
net3398,0
net3397,0
net2301,0
net3068,0
net2284,0
net4490,0
net2801,0
net3396,0
net4492,0
net3391,0
net589,0
net590,0
net591,0
net592,0
net593,0
net594,0
net595,0
net596,0
net597,0
net598,0
net599,0
net600,0
net601,0
net602,0
net603,0
net604,0
net605,0
net606,0
net607,0
net608,0
net609,0
net610,0
net611,0
net612,0
net613,0
net614,0
net615,0
net616,0
net617,0
net618,0
net619,0
net620,0
net621,0
net622,0
net623,0
net624,0
net625,0
net626,0
net627,0
net628,0
net629,0
net630,0
net631,0
net632,0
net633,0
net634,0
net635,0
net636,0
net637,0
net638,0
net639,0
net640,0
net641,0
net642,0
net643,0
net644,0
net645,0
net646,0
net647,0
net648,0
net649,0
net650,0
net651,0
net652,0
net653,0
net654,0
net655,0
net656,0
net657,0
net658,0
net659,0
net660,0
net661,0
net662,0
net663,0
net664,0
net665,0
net666,0
net667,0
net668,0
net669,0
net670,0
net671,0
net672,0
net673,0
net674,0
net675,0
net676,0
net677,0
net678,0
net679,0
net680,0
net681,0
net682,0
net683,0
net684,0
net685,0
net686,0
net687,0
net688,0
net689,0
net690,0
net691,0
net692,0
net693,0
net694,0
net695,0
net696,0
net697,0
net698,0
net699,0
net700,0
net701,0
net702,0
net703,0
net704,0
net705,0
net706,0
net707,0
net708,0
net709,0
net710,0
net711,0
net712,0
net713,0
net714,0
net715,0
net716,0
net717,0
net718,0
net719,0
net720,0
net721,0
net722,0
net723,0
net724,0
net725,0
net726,0
net727,0
net728,0
net729,0
net730,0
net731,0
net732,0
net733,0
net734,0
net735,0
net736,0
net737,0
net738,0
net739,0
net740,0
net741,0
net742,0
net743,0
net744,0
net745,0
net746,0
net747,0
net748,0
net749,0
net750,0
net751,0
net752,0
net753,0
net754,0
net755,0
net756,0
net757,0
net758,0
net759,0
net760,0
net761,0
net762,0
net763,0
net764,0
net765,0
net766,0
net767,0
net768,0
net769,0
net770,0
net771,0
net772,0
net773,0
net774,0
net775,0
net776,0
net777,0
net778,0
net779,0
net780,0
net781,0
net782,0
net783,0
net784,0
net785,0
net786,0
net787,0
net788,0
net789,0
net790,0
net791,0
net792,0
net793,0
net794,0
net795,0
net796,0
net797,0
net798,0
net799,0
net800,0
net801,0
net802,0
net803,0
net804,0
net805,0
net806,0
net807,0
net808,0
net809,0
net810,0
net811,0
net812,0
net813,0
net814,0
net815,0
net816,0
net817,0
net818,0
net819,0
net820,0
net821,0
net822,0
net823,0
net824,0
net825,0
net826,0
net827,0
net828,0
net829,0
net830,0
net831,0
net832,0
net833,0
net834,0
net835,0
net836,0
net837,0
net838,0
net839,0
net840,0
net841,0
net842,0
net843,0
net844,0
net845,0
net846,0
net847,0
net848,0
net849,0
net850,0
net3874,0
net852,0
net853,0
net854,0
net855,0
net856,0
net857,0
net858,0
net859,0
net860,0
net861,0
net862,0
net863,0
net864,0
net865,0
net866,0
net867,0
net868,0
net869,0
net870,0
net871,0
net872,0
net873,0
net874,0
net875,0
net876,0
net877,0
net878,0
net879,0
net880,0
net881,0
net882,0
net883,0
net884,0
net885,0
net886,0
net887,0
net888,0
net889,0
net890,0
net891,0
net892,0
net893,0
net894,0
net895,0
net896,0
net897,0
net898,0
net899,0
net900,0
net901,0
net902,0
net903,0
net904,0
net905,0
net906,0
net907,0
net908,0
net909,0
net910,0
net911,0
net912,0
net913,0
net914,0
net915,0
net916,0
net917,0
net918,0
net919,0
net920,0
net921,0
net922,0
net923,0
net924,0
net925,0
net926,0
net927,0
net928,0
net929,0
net930,0
net931,0
net932,0
net933,0
net934,0
net935,0
net936,0
net937,0
net938,0
net939,0
net4491,0
net941,0
net942,0
net943,0
net944,0
net945,0
net946,0
net947,0
net948,0
net949,0
net950,0
net951,0
net952,0
net953,0
net954,0
net955,0
net3390,0
net957,0
net958,0
net3395,0
net960,0
net961,0
net962,0
net963,0
net964,0
net965,0
net966,0
net967,0
net968,0
net969,0
net970,0
net971,0
net972,0
net973,0
net974,0
net975,0
net976,0
net977,0
net978,0
net979,0
net980,0
net981,0
net982,0
net983,0
net984,0
net985,0
net986,0
net987,0
net988,0
net989,0
net990,0
net991,0
net992,0
net993,0
net994,0
net995,0
net996,0
net997,0
net998,0
net999,0
net1000,0
net1001,0
net1002,0
net3386,0
net3376,0
net3373,0
net3372,0
net3371,0
net3305,0
net3385,0
net3384,0
net3383,0
net3375,0
net3345,0
net3341,0
net3335,0
net3308,0
net3307,0
net3005,0
net2997,0
net2965,0
net2967,0
net2964,0
net3071,0
net3062,0
net3061,0
net3070,0
net3063,0
net3346,0
net3343,0
net3342,0
net3347,0
net2319,0
net2312,0
net2311,0
net2310,0
net2309,0
net2308,0
net3311,0
net3288,0
net2318,0
net2317,0
net2316,0
net2315,0
net2314,0
net2313,0
net3352,0
net3358,0
net3365,0
net3379,0
net3344,0
net2306,0
net2305,0
net2302,0
net3306,0
net3301,0
net3296,0
net3295,0
net3294,0
net3293,0
net3292,0
net3291,0
net3309,0
net3290,0
net3289,0
net3310,0
net3298,0
net3300,0
net3299,0
net3297,0
net2304,0
net2303,0
net4205,0
net2971,0
net2969,1
net3872,0
net2869,0
net3389,0
net3278,0
net3277,0
net3269,0
net3262,0
net3261,0
net3281,0
net3280,0
net3279,0
net3316,0
net3330,0
net3156,0
net3155,0
net3149,0
net2351,0
net2350,0
net3315,0
net3329,0
net3260,0
net3259,0
net3258,0
net2390,0
net2389,0
net2388,0
net2387,0
net2393,0
net2392,0
net2391,0
net2343,0
net3337,0
net3336,0
net3334,0
net3333,0
net3332,0
net3314,0
net3313,0
net3312,0
net3287,0
net2349,0
net2348,0
net2347,0
net2346,0
net2345,0
net3157,0
net3283,0
net3186,0
net3185,0
net3284,0
net3285,1
net3257,0
net3249,0
net2336,0
net2335,0
net2334,0
net3340,0
net3339,0
net3338,0
net2484,0
net2483,0
net2482,0
net2481,0
net2479,0
net2478,0
net2477,0
net2476,0
net2475,0
net2480,0
net2414,0
net2413,0
net2412,0
net2411,0
net2409,0
net2408,0
net2407,0
net2406,0
net2410,0
net2490,0
net2489,0
net2488,0
net2487,0
net2486,0
net2485,0
net2494,0
net2493,0
net2492,0
net2420,0
net2419,0
net2418,0
net2417,0
net2416,0
net2415,0
net2424,0
net2423,0
net2422,0
net2442,0
net2441,0
net2440,0
net2439,0
net2438,0
net2437,0
net2446,0
net2445,0
net2444,0
net2382,0
net2381,0
net2380,0
net2379,0
net3303,0
net3302,0
net2385,0
net2384,0
net2383,0
net2473,0
net2472,0
net2466,0
net2465,0
net2464,0
net2463,0
net2194,0
net2193,0
net2471,0
net2470,0
net2469,0
net2468,0
net2467,0
net3265,0
net3248,0
net3255,0
net3254,0
net3273,0
net3272,0
net3241,0
net3239,0
net3268,0
net3263,0
net3374,0
net3228,0
net2404,0
net2398,0
net2397,0
net2396,0
net3244,0
net3242,0
net3238,0
net3243,0
net2403,0
net2402,0
net2401,0
net2400,0
net2435,0
net2431,0
net2430,0
net2429,0
net2428,0
net3237,0
net3235,0
net3236,0
net2434,0
net2433,0
net2432,0
net2504,0
net2503,0
net3227,0
net3206,0
net2507,0
net2506,0
net2505,0
net2510,0
net3246,0
net3231,0
net3195,0
net3245,0
net2515,0
net2514,0
net2513,0
net2512,0
net2511,0
net2516,0
net2542,0
net2541,0
net2527,0
net2526,0
net2525,0
net2533,0
net2532,0
net2531,0
net2530,0
net2529,0
net2528,0
net2538,0
net2537,0
net2536,0
net2535,0
net2534,0
net2540,0
net2539,0
net2545,0
net2544,0
net3190,0
net3189,0
net3188,0
net3187,0
net2563,0
net2552,0
net2551,0
net2550,0
net2549,0
net2548,0
net2547,0
net2546,0
net2555,0
net2554,0
net2553,0
net2560,0
net2559,0
net2558,0
net2557,0
net2556,0
net2562,0
net2561,0
net2501,0
net2499,0
net2498,0
net2497,0
net3229,0
net3208,0
net3207,0
net2500,0
net3202,0
net3200,0
net3199,0
net3198,0
net3197,0
net3196,0
net3204,0
net3201,0
net2523,0
net2521,0
net2520,0
net3247,0
net3194,0
net3191,0
net3274,0
net2522,0
net2659,0
net2658,0
net3085,0
net3084,0
net3083,0
net3082,0
net3086,0
net2677,0
net2676,0
net2673,0
net2672,0
net2671,0
net2670,0
net2669,0
net2668,0
net2665,0
net2664,0
net2663,0
net2662,0
net2661,0
net2660,0
net2667,0
net2666,0
net2675,0
net2674,0
net2691,0
net2690,0
net2689,0
net3067,0
net3066,0
net3065,0
net3064,1
net3069,0
net2688,0
net3081,0
net3080,0
net3077,0
net3076,0
net3075,0
net3079,0
net3074,0
net3078,0
net2692,0
net2683,0
net2682,0
net2681,0
net2680,0
net2679,0
net2678,0
net2685,0
net2684,0
net2723,0
net2720,0
net3051,0
net3042,0
net3050,0
net3052,0
net2719,0
net3049,0
net3048,0
net3047,0
net3046,0
net2722,0
net2721,0
net2745,0
net2741,0
net2740,0
net2739,0
net2738,0
net2737,0
net2736,0
net2735,0
net2744,0
net2743,0
net2742,0
net2731,0
net2730,0
net3036,0
net3035,0
net3026,0
net3040,0
net2734,0
net2733,0
net2732,0
net2980,0
net2966,0
net2963,0
net2962,0
net2961,0
net2960,0
net2956,0
net2979,0
net2983,0
net2973,0
net2970,0
net2948,0
net2946,0
net2947,0
net2944,0
net2945,0
net2951,0
net2950,0
net2949,0
net3569,0
net3568,0
net3567,0
net3566,0
net3565,0
net3564,0
net3563,0
net3585,0
net3584,0
net3583,0
net3582,0
net2855,0
net2920,0
net2919,0
net2928,0
net2930,0
net2918,0
net2929,0
net3870,0
net2916,0
net2854,0
net2792,0
net2933,0
net2932,0
net2935,0
net2934,0
net2923,0
net4202,1
net2921,0
net2924,1
net2925,0
net2926,0
net2927,0
net2931,0
net3561,0
net3558,0
net3557,0
net3556,0
net3555,0
net3554,0
net3553,0
net3560,0
net3559,0
net3520,0
net3519,0
net3516,0
net3515,0
net3514,0
net3513,0
net3512,0
net3511,0
net3518,0
net3517,0
net3451,0
net3450,0
net3449,0
net3448,0
net3447,0
net3446,0
net3445,0
net3456,0
net3455,0
net3454,0
net3453,0
net3452,0
net3463,0
net3462,0
net3461,0
net3460,0
net3459,0
net3458,0
net3457,0
net3465,0
net3464,0
net3533,0
net3530,0
net3529,0
net3528,0
net3527,0
net3526,0
net3525,0
net3524,0
net3523,0
net3532,0
net3531,0
net3509,0
net3508,0
net3506,0
net3505,0
net3504,0
net3503,0
net2915,0
net3001,0
net3507,0
net3444,0
net3443,0
net3442,0
net3438,0
net3432,0
net3431,0
net3430,0
net3429,0
net3428,0
net3427,0
net3426,0
net3437,0
net3436,0
net3435,0
net3434,0
net3433,0
net3441,0
net3440,0
net3439,0
net3470,0
net3469,0
net3468,0
net3467,0
net3500,0
net3499,0
net3496,0
net3495,0
net3494,0
net3493,0
net3425,0
net3424,0
net3423,0
net3422,0
net3421,0
net3492,0
net3491,0
net3498,0
net3497,0
net3580,0
net3576,0
net3575,0
net3574,0
net3573,0
net3572,0
net3571,0
net3570,0
net3579,0
net3578,0
net3577,0
net3000,0
net2993,0
net2937,0
net2994,0
net2999,0
net3002,0
net3540,0
net3539,0
net3538,0
net3537,0
net3536,0
net3535,0
net3541,0
net3489,0
net3478,0
net3477,0
net3476,0
net3475,0
net3474,0
net3473,0
net3472,0
net3486,0
net3485,0
net3484,0
net3483,0
net3482,0
net3481,0
net3480,0
net3479,0
net3488,0
net3487,0
net3552,0
net3547,0
net3546,0
net3545,0
net3544,0
net3543,0
net3542,0
net3551,0
net3550,0
net3549,0
net3548,0
net2876,0
net2872,0
net2871,0
net2867,0
net2862,0
net2861,0
net2863,0
net2870,0
net2868,0
net2879,0
net2860,0
net2864,0
net2859,0
net2858,0
net2857,0
net2865,0
net2866,0
net2878,0
net2877,0
net2875,0
net2874,0
net2887,0
net2886,0
net2884,0
net2882,0
net2883,0
net2881,0
net3648,0
net3645,0
net3644,0
net3643,0
net3642,0
net3641,0
net3640,0
net3647,0
net3646,0
net3654,0
net3653,0
net3652,0
net3651,0
net3650,0
net3649,0
net3639,0
net3629,0
net3623,0
net3622,0
net3621,0
net3620,0
net3619,0
net3618,0
net3628,0
net3627,0
net3626,0
net3625,0
net3624,0
net3634,0
net3633,0
net3632,0
net3631,0
net3630,0
net3638,0
net3637,0
net3636,0
net3635,0
net3616,0
net3615,0
net3610,0
net3609,0
net3608,0
net3607,0
net3606,0
net3605,0
net3604,0
net3603,0
net3614,0
net3613,0
net3612,0
net3611,0
net3591,0
net3590,0
net3589,0
net2911,0
net2910,0
net2909,0
net3598,0
net2891,0
net2893,0
net2890,0
net2889,0
net2895,0
net2888,0
net2899,0
net2873,0
net3597,0
net3596,0
net3595,0
net3594,0
net3593,0
net3592,0
net3601,0
net3600,0
net3599,0
net3013,0
net2912,0
net3011,0
net3010,0
net3009,0
net3016,1
net2903,0
net2902,0
net3014,0
net2901,0
net2898,0
net2896,0
net2897,0
net2894,0
net2892,0
net3015,0
net2913,0
net3875,0
net4198,0
net2914,0
net2834,0
net2849,1
net2828,0
net2827,0
net2826,0
net2825,0
net2824,0
net2833,0
net2832,0
net2848,0
net2831,0
net2830,0
net2829,0
net2837,0
net2847,1
net2838,0
net2846,0
net2835,0
net2836,0
net2793,0
net4197,1
net2853,0
net4201,0
net4257,0
net4200,0
net2797,1
net2798,0
net2800,0
net4044,0
net2852,0
net3877,0
net3873,0
net4141,0
net2807,0
net2806,0
net3876,0
net2851,0
net2822,1
net2821,1
net2811,0
net2812,0
net4199,0
net4171,0
net2820,1
net4170,0
net2816,0
net2819,1
net2818,1
net2817,0
net2850,0
net2823,0
net2845,0
net2844,0
net2843,0
net2842,0
net2841,0
net2840,1
net3420,0
net3418,0
net3060,0
net3059,0
net3041,0
net2908,0
net2907,0
net2906,0
net2905,0
net2856,0
net2885,0
net2880,0
net3419,0
net3658,0
net3659,0
net3660,0
net3661,0
net3662,0
net3663,0
net3664,0
net3665,0
net3666,0
net3667,0
net3668,0
net3669,0
net3670,0
net3671,0
net3672,0
net3673,0
net3674,0
net3675,0
net3676,0
net3677,0
net3678,0
net3679,0
net3680,0
net3681,0
net3682,0
net3683,0
net3684,0
net3685,0
net3686,0
net3687,0
net3688,0
net3689,0
net3690,0
net3691,0
net3692,0
net3693,0
net3694,0
net3695,0
net3696,0
net3697,0
net3698,0
net3699,0
net3700,0
net3701,0
net3702,0
net3703,0
net3704,0
net3705,0
net3706,0
net3707,0
net3708,0
net3709,0
net3710,0
net3711,0
net3712,0
net3713,0
net3714,0
net3715,0
net3716,0
net3717,0
net3718,0
net3719,0
net3720,0
net3721,0
net3722,0
net3723,0
net3724,0
net3725,0
net3726,0
net3727,0
net3728,0
net3729,0
net3730,0
net3731,0
net3732,0
net3733,0
net3734,0
net3735,0
net3736,0
net3737,0
net3738,0
net3739,0
net3740,0
net3741,0
net3742,0
net3743,0
net3744,0
net3745,0
net3746,0
net3747,0
net3748,0
net3749,0
net3750,0
net3751,0
net3752,0
net3753,0
net3754,0
net3755,0
net3756,0
net3757,0
net3758,0
net3759,0
net3760,0
net3761,0
net3762,0
net3763,0
net3764,0
net3765,0
net3766,0
net3767,0
net3768,0
net3769,0
net3770,0
net3771,0
net3772,0
net3773,0
net3774,0
net3775,0
net3776,0
net3777,0
net3778,0
net3779,0
net3780,0
net3781,0
net3782,0
net3783,0
net3784,0
net3785,0
net3786,0
net3787,0
net3788,0
net3789,0
net3790,0
net3791,0
net3792,0
net3793,0
net3794,0
net3795,0
net3796,0
net3797,0
net3798,0
net3799,0
net3800,0
net3801,0
net3802,0
net3803,0
net3804,0
net3805,0
net3806,0
net3807,0
net3808,0
net3809,0
net3810,0
net3811,0
net3812,0
net3813,0
net3814,0
net3815,0
net3816,0
net3817,0
net3818,0
net3819,0
net3820,0
net3821,0
net3822,0
net3823,0
net3824,0
net3825,0
net3826,0
net3827,0
net3828,0
net3829,0
net3830,0
net3831,0
net3832,0
net3833,0
net3834,0
net3835,0
net3836,0
net3837,0
net3838,0
net3839,0
net3840,0
net3841,0
net3842,0
net3843,0
net3844,0
net3845,0
net3846,0
net3847,0
net3848,0
net3849,0
net3850,0
net3851,0
net3852,0
net3853,0
net3854,0
net3855,0
net3856,0
net3857,0
net3858,0
net3859,0
net3860,0
net3861,0
net3862,0
net3863,0
net3864,0
net3865,0
net3866,0
net3867,0
net3868,0
net3869,0
net3871,0
net3878,0
net3879,0
net3880,0
net4203,0
net4204,1
net4206,0
net4258,0
net4493,0
net4494,0
