idx,start_raw,end_raw,from_name,to_name,slack_list,slack_found,n_nets_on_path,status
1,"_407_/Q (sky130_fd_sc_hd__dfxtp_4)","_407_/D (sky130_fd_sc_hd__dfxtp_4)","_407_/Q","_407_/D","1.022",1.022109,5,OK
2,"_380_/Q (sky130_fd_sc_hd__edfxtp_1)","_330_/DE (sky130_fd_sc_hd__edfxtp_1)","_380_/Q","_330_/DE","1.164",1.163633,8,OK
3,"_380_/Q (sky130_fd_sc_hd__edfxtp_1)","_331_/DE (sky130_fd_sc_hd__edfxtp_1)","_380_/Q","_331_/DE","1.164",1.163755,8,OK
4,"_380_/Q (sky130_fd_sc_hd__edfxtp_1)","_332_/DE (sky130_fd_sc_hd__edfxtp_1)","_380_/Q","_332_/DE","1.164",1.163623,8,OK
5,"_380_/Q (sky130_fd_sc_hd__edfxtp_1)","_333_/DE (sky130_fd_sc_hd__edfxtp_1)","_380_/Q","_333_/DE","1.164",1.163764,8,OK
6,"_380_/Q (sky130_fd_sc_hd__edfxtp_1)","_334_/DE (sky130_fd_sc_hd__edfxtp_1)","_380_/Q","_334_/DE","1.164",1.163628,8,OK
7,"_380_/Q (sky130_fd_sc_hd__edfxtp_1)","_335_/DE (sky130_fd_sc_hd__edfxtp_1)","_380_/Q","_335_/DE","1.164",1.163683,8,OK
8,"_380_/Q (sky130_fd_sc_hd__edfxtp_1)","_336_/DE (sky130_fd_sc_hd__edfxtp_1)","_380_/Q","_336_/DE","1.164",1.163658,8,OK
9,"_380_/Q (sky130_fd_sc_hd__edfxtp_1)","_337_/DE (sky130_fd_sc_hd__edfxtp_1)","_380_/Q","_337_/DE","1.164",1.163726,8,OK
